id,asin,title,acquisitionType,dispositionType,receivedDate,receiptValue,currency,soldDate,saleProceeds,notes,createdAt,updatedAt
545c8024-3795-4c4e-a1eb-aad92c6bdc5c,B0CRB6N3HT,Felt board - uveldi,SAMPLE,KEPT,2025-08-01,34.99,USD,,,sheet_month=August,2026-02-19T13:03:12.867Z,2026-02-19T13:03:12.867Z
ee3ce0c8-cc64-4db7-bd2b-16ae873c4cdc,B0CB5TLRBR,Screen Protector,SAMPLE,KEPT,2025-08-01,25.98,USD,,,sheet_month=August,2026-02-19T13:03:12.879Z,2026-02-19T13:03:12.879Z
0db6c62b-57f3-402f-b4ec-b8321fa26966,B0FHPMNJ8K,Shoe polish kit,SAMPLE,KEPT,2025-08-01,29.99,USD,,,sheet_month=August,2026-02-19T13:03:12.880Z,2026-02-19T13:03:12.880Z
07711e32-8677-4535-9403-bde1b5a287b1,B0FMK3YHNN,Moon Alarm Clock,SAMPLE,KEPT,2025-08-01,35.61,USD,,,sheet_month=August,2026-02-19T13:03:12.880Z,2026-02-19T13:03:12.880Z
42ad1933-e723-4fbc-aeae-4b3c1900d0d2,B0FKTLYHQP,Desk Mat,SAMPLE,KEPT,2025-08-01,25.99,USD,,,sheet_month=August,2026-02-19T13:03:12.880Z,2026-02-19T13:03:12.880Z
3f54e7e1-f20b-4601-91df-aa6ee1b96bd9,B0FP28J97G,CarPlay Wireless Connector,SAMPLE,KEPT,2025-08-01,38.99,USD,,,sheet_month=August,2026-02-19T13:03:12.880Z,2026-02-19T13:03:12.880Z
1bed81ca-a0e6-4f8c-9f63-ce4a6605acdb,B003AO4MXE,Bracelet - outdoor,SAMPLE,KEPT,2025-08-01,7.45,USD,,,sheet_month=August,2026-02-19T13:03:12.880Z,2026-02-19T13:03:12.880Z
559b4ff8-41aa-42e9-a181-5c8879b5f9e4,B0DJQBFJ6C,Lunch Box,SAMPLE,KEPT,2025-08-01,20.99,USD,,,sheet_month=August,2026-02-19T13:03:12.880Z,2026-02-19T13:03:12.880Z
2e05a37f-c5f2-4738-906c-c3f9e18cefa4,B0F5VV6FH5,Alcohol markers,SAMPLE,KEPT,2025-08-01,9.99,USD,,,sheet_month=August,2026-02-19T13:03:12.881Z,2026-02-19T13:03:12.881Z
11cee77f-9972-4e2f-811a-f1b4f281183c,B0CP4BSGH2,Paint markers,SAMPLE,KEPT,2025-08-01,7.59,USD,,,sheet_month=August,2026-02-19T13:03:12.881Z,2026-02-19T13:03:12.881Z
4a4a7af2-18ea-496a-9098-612b19d4ee32,B0DYP57ZK9,Crinkle Paper,SAMPLE,KEPT,2025-08-01,17.98,USD,,,sheet_month=August,2026-02-19T13:03:12.881Z,2026-02-19T13:03:12.881Z
a711d424-89c4-42d2-9688-2294579e8f91,B0BLJWP7JC,Patio Chairs,SAMPLE,KEPT,2025-08-01,284.05,USD,,,sheet_month=August,2026-02-19T13:03:12.881Z,2026-02-19T13:03:12.881Z
a4835f58-93c6-424f-8267-fe92f5ff0e85,B0D4VVZWL8,Christmas Sheets,SAMPLE,KEPT,2025-08-01,19.99,USD,,,sheet_month=August,2026-02-19T13:03:12.881Z,2026-02-19T13:03:12.881Z
76b2ac7e-1bb1-4e7f-86e1-5656406264de,B0FN7L7XZL,Tracker AirTag knockoffs,SAMPLE,KEPT,2025-08-01,15.99,USD,,,sheet_month=August,2026-02-19T13:03:12.881Z,2026-02-19T13:03:12.881Z
4b4f9a4b-04a9-41bc-a283-7350e24a0a53,B0CS5ZLK8H,Copper Bracelet,SAMPLE,KEPT,2025-08-01,25.89,USD,,,sheet_month=August,2026-02-19T13:03:12.881Z,2026-02-19T13:03:12.881Z
76a2b885-34ff-4037-a2d9-aa205aeed2b6,B0DXJYBV7K,Throw Blanket,SAMPLE,KEPT,2025-08-01,29.99,USD,,,sheet_month=August,2026-02-19T13:03:12.882Z,2026-02-19T13:03:12.882Z
ffdd2e98-e268-4dfe-a499-eac1afdcac66,B0DSJJXKF2,Pickleball Paddle,SAMPLE,KEPT,2025-08-01,36.99,USD,,,sheet_month=August,2026-02-19T13:03:12.882Z,2026-02-19T13:03:12.882Z
4814f364-8715-414a-9101-5bcf20a4c271,B0BGXK8M4L,Dress Shoes,SAMPLE,KEPT,2025-08-01,37.83,USD,,,sheet_month=August,2026-02-19T13:03:12.882Z,2026-02-19T13:03:12.882Z
46c67f13-c328-47e3-b51e-490eb3e0d962,B0FBS2BR9V,Space Heater,SAMPLE,KEPT,2025-08-01,139.99,USD,,,sheet_month=August,2026-02-19T13:03:12.882Z,2026-02-19T13:03:12.882Z
64eb6921-a479-4ec3-8de4-2eccc43621ad,B0CZ4JVB8Q,Podcast Mic,SAMPLE,KEPT,2025-08-01,109.95,USD,,,sheet_month=August,2026-02-19T13:03:12.882Z,2026-02-19T13:03:12.882Z
7c3ad38e-9af1-4437-ace7-a8251ecf2a2e,B08JKXDFQ9,Meat Chopper,SAMPLE,KEPT,2025-08-01,9.99,USD,,,sheet_month=August,2026-02-19T13:03:12.885Z,2026-02-19T13:03:12.885Z
62ca3f5e-9fe1-46b5-b8e7-d979db6c0764,B0107UPA9I,Duffel bag,SAMPLE,KEPT,2025-08-01,49.99,USD,,,sheet_month=August,2026-02-19T13:03:12.885Z,2026-02-19T13:03:12.885Z
738c3674-0844-4992-9568-ab7175aa8385,B0BPWZKFVV,Car Battery Jumper,SAMPLE,KEPT,2025-08-01,59.99,USD,,,sheet_month=August,2026-02-19T13:03:12.885Z,2026-02-19T13:03:12.885Z
4bbc1a8c-43a4-4f4b-ade4-8e2542c5d945,B0BV253KHW,Pink Speaker,SAMPLE,KEPT,2025-08-01,22.99,USD,,,sheet_month=August,2026-02-19T13:03:12.885Z,2026-02-19T13:03:12.885Z
765f30a8-6125-4c67-ab47-83c691e29d70,B0DZ2CT7D2,Tower power strip,SAMPLE,KEPT,2025-08-01,28.99,USD,,,sheet_month=August,2026-02-19T13:03:12.886Z,2026-02-19T13:03:12.886Z
e081901e-0d85-4f0d-b8ac-45e4cd10c24d,B07P91TZNS,Juice bottles,SAMPLE,KEPT,2025-08-01,39.99,USD,,,sheet_month=August,2026-02-19T13:03:12.886Z,2026-02-19T13:03:12.886Z
106b430d-0901-4577-9569-db7730755fad,B07XLM4M93,Gloves,SAMPLE,KEPT,2025-08-01,24.80,USD,,,sheet_month=August,2026-02-19T13:03:12.886Z,2026-02-19T13:03:12.886Z
d2a57189-540d-44a9-bd30-0e0ee659a7b4,B0FJ84SJ1R,Spray oil bottle,SAMPLE,KEPT,2025-08-01,15.99,USD,,,sheet_month=August,2026-02-19T13:03:12.886Z,2026-02-19T13:03:12.886Z
70f6d496-4e1f-4320-8de3-4aecb01b9314,B0DJK9WB73,Green Juice Powder,SAMPLE,KEPT,2025-08-01,24.99,USD,,,sheet_month=August,2026-02-19T13:03:12.886Z,2026-02-19T13:03:12.886Z
0931d243-d0f5-47b9-a4d3-c97722832144,B0DDWL1DNM,Ginger Juice Powder,SAMPLE,KEPT,2025-08-01,27.99,USD,,,sheet_month=August,2026-02-19T13:03:12.886Z,2026-02-19T13:03:12.886Z
b451e19e-d63e-4319-9138-68e659573972,B089X58Z2H,8pack Shot bottles,SAMPLE,KEPT,2025-08-01,19.99,USD,,,sheet_month=August,2026-02-19T13:03:12.886Z,2026-02-19T13:03:12.886Z
590b7fb5-9f82-4d02-88ee-ac2d116b2852,B0F2HNRSFQ,Plastic organizers,SAMPLE,KEPT,2025-08-01,12.99,USD,,,sheet_month=August,2026-02-19T13:03:12.886Z,2026-02-19T13:03:12.886Z
cf24a9a3-c97b-4f5a-800e-e7dd36ecf75b,B0DX6R9Z8P,White Leggins,SAMPLE,KEPT,2025-08-01,7.64,USD,,,sheet_month=August,2026-02-19T13:03:12.887Z,2026-02-19T13:03:12.887Z
70ee38be-7a05-4487-b936-4fb4c65bbd7e,B0D3LDBY1T,Black Leggings,SAMPLE,KEPT,2025-08-01,7.21,USD,,,sheet_month=August,2026-02-19T13:03:12.887Z,2026-02-19T13:03:12.887Z
6fd320a1-4deb-45ea-8ef3-08113b2ffd97,B0FMFKZSTP,Can Opener,SAMPLE,KEPT,2025-08-01,36.99,USD,,,sheet_month=August,2026-02-19T13:03:12.887Z,2026-02-19T13:03:12.887Z
c667c6b2-3702-47c5-9150-2559eacae434,B0FS197HT2,4pack Oil Dispensers,SAMPLE,KEPT,2025-08-01,23.99,USD,,,sheet_month=August,2026-02-19T13:03:12.887Z,2026-02-19T13:03:12.887Z
e506d263-2149-4857-9b2c-64976f5be74f,B0FQ4W6FWS,Electric Kettle,SAMPLE,KEPT,2025-08-01,48.29,USD,,,sheet_month=August,2026-02-19T13:03:12.887Z,2026-02-19T13:03:12.887Z
aa14b599-a6dc-4359-ac60-cd250d490ef0,B08CMZVR5X,3-pack Hole Punch,SAMPLE,KEPT,2025-08-01,9.99,USD,,,sheet_month=August,2026-02-19T13:03:12.887Z,2026-02-19T13:03:12.887Z
f1dc3e38-1da6-4ca1-9cfd-68f9f7d48e35,B0FYNK1HZQ,Camera Charger 3-1,SAMPLE,KEPT,2025-08-01,39.99,USD,,,sheet_month=August,2026-02-19T13:03:12.887Z,2026-02-19T13:03:12.887Z
c62aa7e9-c52f-46c4-8809-2a0c59b45c6d,B0FDQPVBF4,Torras Minimag Power Bank,SAMPLE,KEPT,2025-08-01,50.34,USD,,,sheet_month=August,2026-02-19T13:03:12.887Z,2026-02-19T13:03:12.887Z
11c10841-78f6-46da-ab7e-3c7c6186d975,B0FFZ3B2JY,Ostand Minimag Power Bank,SAMPLE,KEPT,2025-08-01,47.49,USD,,,sheet_month=August,2026-02-19T13:03:12.888Z,2026-02-19T13:03:12.888Z
f3853c1a-d2c3-4fab-a4ca-acb50e62d910,B0DC6GXZSV,Surge power strip,SAMPLE,KEPT,2025-08-01,8.96,USD,,,sheet_month=August,2026-02-19T13:03:12.888Z,2026-02-19T13:03:12.888Z
092c8024-197e-4f61-b480-47464c67253d,B0FKY8MVRG,Power Bank with fan,SAMPLE,KEPT,2025-08-01,49.99,USD,,,sheet_month=August,2026-02-19T13:03:12.888Z,2026-02-19T13:03:12.888Z
3f7e4dcc-643a-437f-8b7c-8b502674ce29,B09XHZ8F7F,Phone Tripod,SAMPLE,KEPT,2025-08-01,22.99,USD,,,sheet_month=August,2026-02-19T13:03:12.888Z,2026-02-19T13:03:12.888Z
53d75aeb-d1b0-40e3-a291-ebf5d380964e,B0FT12H1VQ,Wearable Speaker,SAMPLE,KEPT,2025-08-01,29.99,USD,,,sheet_month=August,2026-02-19T13:03:12.888Z,2026-02-19T13:03:12.888Z
36d3ed83-290b-4cb3-a848-46db22ac56df,B0F3HQYNDB,Air Power Bank,SAMPLE,KEPT,2025-08-01,17.99,USD,,,sheet_month=August,2026-02-19T13:03:12.888Z,2026-02-19T13:03:12.888Z
1a86e766-843e-4cc6-b922-0d657b4462f7,B0FT2TG875,Carabiner Airtage Clip,SAMPLE,KEPT,2025-08-01,12.99,USD,,,sheet_month=August,2026-02-19T13:03:12.888Z,2026-02-19T13:03:12.888Z
b7a017ca-3129-419b-95b7-ffaa8f1661d6,B07T7W1QCZ,Pour over Coffee maker,SAMPLE,KEPT,2025-08-01,29.99,USD,,,sheet_month=August,2026-02-19T13:03:12.888Z,2026-02-19T13:03:12.888Z
28994a68-ad57-485f-a076-2316898f2ef1,B09LM1588Z,Humidifier,SAMPLE,KEPT,2025-08-01,33.32,USD,,,sheet_month=August,2026-02-19T13:03:12.889Z,2026-02-19T13:03:12.889Z
15916b7d-6bb6-4d7f-b3e7-a67908240d5d,B0CRDN9H89,Ice Trays,SAMPLE,KEPT,2025-08-01,22.99,USD,,,sheet_month=August,2026-02-19T13:03:12.889Z,2026-02-19T13:03:12.889Z
65dece78-b353-44ee-95f9-9864b0ae1352,B0FDBHVQYS,Big hand warmers,SAMPLE,KEPT,2025-08-01,23.99,USD,,,sheet_month=August,2026-02-19T13:03:12.889Z,2026-02-19T13:03:12.889Z
1a22b176-2e2c-4d62-a3ca-0dd9e4da32ac,B0FNNDWM4S,Small hand warmers,SAMPLE,KEPT,2025-08-01,23.98,USD,,,sheet_month=August,2026-02-19T13:03:12.889Z,2026-02-19T13:03:12.889Z
01e55dee-660f-4e4a-b176-33b6f4cca9a6,B0FT214BSQ,Vloger Pro Wireless,SAMPLE,KEPT,2025-08-01,149.95,USD,,,sheet_month=August,2026-02-19T13:03:12.889Z,2026-02-19T13:03:12.889Z
6e234ff9-9c94-495a-9f65-54e046451d86,B0DD4ZQPCH,Pencils,SAMPLE,KEPT,2025-08-01,16.49,USD,,,sheet_month=August,2026-02-19T13:03:12.889Z,2026-02-19T13:03:12.889Z
c2b8db3f-614c-43e9-bc6a-c36a44034fb7,B07K3PRGG5,Celtic Heart Earings,SAMPLE,KEPT,2025-08-01,22.99,USD,,,sheet_month=August,2026-02-19T13:03:12.890Z,2026-02-19T13:03:12.890Z
4aad2879-18da-4311-af8b-5315856e6d2c,B0FN74Q978,TV Headphones,SAMPLE,KEPT,2025-08-01,64.99,USD,,,sheet_month=August,2026-02-19T13:03:12.890Z,2026-02-19T13:03:12.890Z
75029a55-c757-4005-bf5c-740969aeb032,B0BJPYTG71,Guitar Kit,SAMPLE,KEPT,2025-08-01,25.99,USD,,,sheet_month=August,2026-02-19T13:03:12.890Z,2026-02-19T13:03:12.890Z
acecd04b-db9b-4f0a-ada4-fdbdcd13c22a,B0FNNB3GDB,Guitar Neck Block,SAMPLE,KEPT,2025-08-01,9.99,USD,,,sheet_month=August,2026-02-19T13:03:12.890Z,2026-02-19T13:03:12.890Z
0c233239-b5ab-407f-b13a-29a164214204,B0DYJX47762,Thor X1,SAMPLE,KEPT,2025-08-01,109.99,USD,,,sheet_month=August,2026-02-19T13:03:12.890Z,2026-02-19T13:03:12.890Z
1bc0150c-346a-4b7a-b65c-ed21dce3265b,B0FNC459KR,Veise Smart Door Handle,SAMPLE,KEPT,2025-08-01,79.99,USD,,,sheet_month=August,2026-02-19T13:03:12.890Z,2026-02-19T13:03:12.890Z
660aae73-ff3b-4f40-881f-785b37923c9b,B0FDQWR1YJ,Picture Frame Slim,SAMPLE,KEPT,2025-08-01,18.69,USD,,,sheet_month=August,2026-02-19T13:03:12.890Z,2026-02-19T13:03:12.890Z
0b1e5a3b-e356-498e-b21e-0ddc84135350,B07D9PGR2W,Daily Planner,SAMPLE,KEPT,2025-08-01,24.99,USD,,,sheet_month=August,2026-02-19T13:03:12.890Z,2026-02-19T13:03:12.890Z
ce126fa4-3fe4-41b6-a9f2-176d2bd58263,B0BLNRCQ3T,Travel First Aid Kit,SAMPLE,KEPT,2025-08-01,41.95,USD,,,sheet_month=August,2026-02-19T13:03:12.891Z,2026-02-19T13:03:12.891Z
d8ef0c3d-b20b-49d8-b09e-72497fff3eba,B0FMFH9FSM,Classic Picture Frame,SAMPLE,KEPT,2025-08-01,17.94,USD,,,sheet_month=August,2026-02-19T13:03:12.891Z,2026-02-19T13:03:12.891Z
5e35e578-0a35-49c2-837e-b3a16b676f1b,B0CT5H8697,Moissonite Studs,SAMPLE,KEPT,2025-08-01,19.99,USD,,,sheet_month=August,2026-02-19T13:03:12.891Z,2026-02-19T13:03:12.891Z
207d7109-f1e7-4e79-9f06-933d324bcf6c,B094DMH7ZM,Airmotto Tire Inflator,SAMPLE,KEPT,2025-08-01,67.99,USD,,,sheet_month=August,2026-02-19T13:03:12.891Z,2026-02-19T13:03:12.891Z
d5875891-1462-4f91-bf96-2e96142a977c,B0FT3KRKB2,White 3-1 CHarger,SAMPLE,KEPT,2025-08-01,19.99,USD,,,sheet_month=August,2026-02-19T13:03:12.891Z,2026-02-19T13:03:12.891Z
05b479a9-f028-4819-b1c4-091d7dca7541,B08L6HVL2F,Work Boots,SAMPLE,KEPT,2025-08-01,68.99,USD,,,sheet_month=August,2026-02-19T13:03:12.891Z,2026-02-19T13:03:12.891Z
80e0146d-2908-4905-95ec-6b9ddfa71718,B0CYGVZSHT,Gold Bracelets,SAMPLE,KEPT,2025-08-01,12.99,USD,,,sheet_month=August,2026-02-19T13:03:12.891Z,2026-02-19T13:03:12.891Z
e5ca9d0e-4dd8-4a03-9639-962b33bfa321,B09GY75W7Y,Gold Hoop Earings,SAMPLE,KEPT,2025-08-01,13.99,USD,,,sheet_month=August,2026-02-19T13:03:12.891Z,2026-02-19T13:03:12.891Z
ebf2d689-a9c7-474d-baa3-e45dfeed4be9,B0D4VC3XDJ,Gold M Necklace,SAMPLE,KEPT,2025-08-01,6.69,USD,,,sheet_month=August,2026-02-19T13:03:12.891Z,2026-02-19T13:03:12.891Z
b1f49f26-680d-4f11-ada9-c8851472d9fe,B08G4HZRGN,Emerald Earings,SAMPLE,KEPT,2025-08-01,20.99,USD,,,sheet_month=August,2026-02-19T13:03:12.892Z,2026-02-19T13:03:12.892Z
d903184a-fe46-4544-b755-faa4ae0115be,B0C36VL5ZP,Gold Bracelet Set,SAMPLE,KEPT,2025-08-01,11.99,USD,,,sheet_month=August,2026-02-19T13:03:12.892Z,2026-02-19T13:03:12.892Z
5ea2b3f2-3b1f-4354-aae9-1589aeb7591a,B0CYC41PHD,Silver Hoop Earings,SAMPLE,KEPT,2025-08-01,22.99,USD,,,sheet_month=August,2026-02-19T13:03:12.892Z,2026-02-19T13:03:12.892Z
87e548a0-c196-4f44-9325-34ddabca210d,B0FB3D87KX,Todler Blue Dress,SAMPLE,KEPT,2025-08-01,12.99,USD,,,sheet_month=August,2026-02-19T13:03:12.892Z,2026-02-19T13:03:12.892Z
4f2964f4-8e18-4e6b-adcd-8fa299fad260,B0F32NCMYM,LED Flashlight,SAMPLE,KEPT,2025-08-01,19.99,USD,,,sheet_month=August,2026-02-19T13:03:12.892Z,2026-02-19T13:03:12.892Z
27aba80c-9d55-4097-965b-8e04ecd72dbb,B0F6LL2NQ5,Headlamp,SAMPLE,KEPT,2025-08-01,24.99,USD,,,sheet_month=August,2026-02-19T13:03:12.892Z,2026-02-19T13:03:12.892Z
06811a8e-82e5-4563-83d0-8f7f8187903a,B0FK3F3RKM,Flashlight Multitool,SAMPLE,KEPT,2025-08-01,38.99,USD,,,sheet_month=August,2026-02-19T13:03:12.892Z,2026-02-19T13:03:12.892Z
458a37ce-168e-4d8c-8960-d3e547180892,B0FMFF4K64,Laptop Bag,SAMPLE,KEPT,2025-08-01,57.79,USD,,,sheet_month=August,2026-02-19T13:03:12.892Z,2026-02-19T13:03:12.892Z
5811bd63-e1d1-4866-8637-994a4c6d86b2,B0D11BJHG8,Camping Lantern,SAMPLE,KEPT,2025-08-01,28.49,USD,,,sheet_month=August,2026-02-19T13:03:12.893Z,2026-02-19T13:03:12.893Z
a53734fb-b293-4ee8-aae8-2a54fcf82bd4,B08KCFRP25,Rustys Salty Chips,SAMPLE,KEPT,2025-08-01,4.00,USD,,,sheet_month=August,2026-02-19T13:03:12.893Z,2026-02-19T13:03:12.893Z
68607631-498a-453b-ad16-47a4263166f5,B0FCSG7CKY,Rustys Bacon Chips,SAMPLE,KEPT,2025-08-01,6.00,USD,,,sheet_month=August,2026-02-19T13:03:12.893Z,2026-02-19T13:03:12.893Z
2993012b-3202-4414-86ef-bacc5cfa8066,B0FJG1WH94,Rustys Chili Chips,SAMPLE,KEPT,2025-08-01,4.00,USD,,,sheet_month=August,2026-02-19T13:03:12.893Z,2026-02-19T13:03:12.893Z
29615329-5529-4c54-aff8-ccc092929af3,B0FJG1FGSY,Rustys Peper Chips,SAMPLE,KEPT,2025-08-01,4.00,USD,,,sheet_month=August,2026-02-19T13:03:12.893Z,2026-02-19T13:03:12.893Z
fefd4e0b-9b67-4686-ac73-407122a9aa66,B0FKN6K3KY,OVersize Shirt,SAMPLE,KEPT,2025-08-01,24.99,USD,,,sheet_month=August,2026-02-19T13:03:12.893Z,2026-02-19T13:03:12.893Z
4d3fed55-8869-40d5-8cc1-731e8251581b,B0D6GNFX97,Slim Black Wallet,SAMPLE,KEPT,2025-08-01,9.99,USD,,,sheet_month=August,2026-02-19T13:03:12.893Z,2026-02-19T13:03:12.893Z
3b6477ab-8da7-4cfe-9e22-a01e6e98ab4f,B0FHPZ1QZ1,Pink Cordless Hot Glue,SAMPLE,KEPT,2025-08-01,17.99,USD,,,sheet_month=August,2026-02-19T13:03:12.893Z,2026-02-19T13:03:12.893Z
7ef05765-4eb3-4049-a136-ff8196906ebe,B09G34MT64,Cat Earings Silver,SAMPLE,KEPT,2025-08-01,19.99,USD,,,sheet_month=August,2026-02-19T13:03:12.894Z,2026-02-19T13:03:12.894Z
77cf685d-ffec-4aaf-b66e-410e4f4980a5,B0C89LL8YW,Silver Hoop Earings Oval,SAMPLE,KEPT,2025-08-01,13.99,USD,,,sheet_month=August,2026-02-19T13:03:12.894Z,2026-02-19T13:03:12.894Z
7c47a726-43b0-452e-9842-e5025445b3a8,B0C38YSNNR,Chumky Hoop earings,SAMPLE,KEPT,2025-08-01,11.45,USD,,,sheet_month=August,2026-02-19T13:03:12.894Z,2026-02-19T13:03:12.894Z
d06ff580-992a-4bc8-9772-4a4654740a40,B07MT5VRTF,Soft Leather Tote women,SAMPLE,KEPT,2025-08-01,65.00,USD,,,sheet_month=August,2026-02-19T13:03:12.894Z,2026-02-19T13:03:12.894Z
398ad5e0-d2b0-4d91-a766-7960025f10f1,B0854KTJG7,Flower Little Girl Dress,SAMPLE,KEPT,2025-08-01,19.99,USD,,,sheet_month=August,2026-02-19T13:03:12.894Z,2026-02-19T13:03:12.894Z
1f9aec35-357c-40ed-886a-a0c95c4cf5d5,B0FP978XSQ,Mens Slim Leather Wallet,SAMPLE,KEPT,2025-08-01,16.99,USD,,,sheet_month=August,2026-02-19T13:03:12.894Z,2026-02-19T13:03:12.894Z
97980e04-9618-4ba5-9019-6c5ab580ae89,B0FDQG9CZR,Legal Pads,SAMPLE,KEPT,2025-08-01,6.99,USD,,,sheet_month=August,2026-02-19T13:03:12.894Z,2026-02-19T13:03:12.894Z
77831981-6cb1-46e2-b004-aa7458f3d2b5,B0FW4VYXHQ,Sheet cards,SAMPLE,KEPT,2025-08-01,7.99,USD,,,sheet_month=August,2026-02-19T13:03:12.894Z,2026-02-19T13:03:12.894Z
89c18db6-6ca9-470c-80e9-ca3ab7d6dac1,B0FT2CVZTH,Blue Womens top,SAMPLE,KEPT,2025-08-01,19.99,USD,,,sheet_month=August,2026-02-19T13:03:12.894Z,2026-02-19T13:03:12.894Z
49a482fd-7dab-4a8f-b16c-16494a735dca,B0FT13G9TH,3/4 Sleeve Womens top,SAMPLE,KEPT,2025-08-01,29.99,USD,,,sheet_month=August,2026-02-19T13:03:12.895Z,2026-02-19T13:03:12.895Z
c49424b1-8eb1-4f1d-8cfa-db21418b85e7,B0FSD82N5X,Green Womens Shirt,SAMPLE,KEPT,2025-08-01,19.99,USD,,,sheet_month=August,2026-02-19T13:03:12.895Z,2026-02-19T13:03:12.895Z
6b21ea34-3091-4f63-818b-88ec5487fcd2,B0FZHW4YZZ,Womens Polo,SAMPLE,KEPT,2025-08-01,19.98,USD,,,sheet_month=August,2026-02-19T13:03:12.895Z,2026-02-19T13:03:12.895Z
02d899cd-58fc-480d-a840-86db038a5470,B09XSTN2Q4,Fluff Pillow,SAMPLE,KEPT,2025-08-01,69.00,USD,,,sheet_month=August,2026-02-19T13:03:12.895Z,2026-02-19T13:03:12.895Z
92f571f2-9a3e-47ec-8522-e85eb4667af5,B0FMXTJ49L,Faux Leather Jacket women,SAMPLE,KEPT,2025-08-01,32.00,USD,,,sheet_month=August,2026-02-19T13:03:12.895Z,2026-02-19T13:03:12.895Z
5413a8ec-e9fe-4360-ba57-29a4844bab90,B07F1SFZNV,Womens Leather Tote,SAMPLE,KEPT,2025-08-01,89.99,USD,,,sheet_month=August,2026-02-19T13:03:12.895Z,2026-02-19T13:03:12.895Z
53c06521-b6b2-46d5-a804-cd19b3364402,B09FRZ2K88,Blue Hot Glue Gun,SAMPLE,KEPT,2025-08-01,19.94,USD,,,sheet_month=August,2026-02-19T13:03:12.895Z,2026-02-19T13:03:12.895Z
7c209d7a-3933-4716-b3e9-32482da65866,B0F9VM7D2X,Stainless Steel Mixing Bowl,SAMPLE,KEPT,2025-08-01,33.99,USD,,,sheet_month=August,2026-02-19T13:03:12.895Z,2026-02-19T13:03:12.895Z
e4eafa98-434a-4e7b-b0cf-69d2829d9980,B0D2NKDCW8,Weighted Banket white,SAMPLE,KEPT,2025-08-01,61.99,USD,,,sheet_month=August,2026-02-19T13:03:12.896Z,2026-02-19T13:03:12.896Z
28b7561c-c2be-48f2-b6bd-4f4fa069eee1,B0DGZ4P1SG,Christmas Cards,SAMPLE,KEPT,2025-08-01,15.39,USD,,,sheet_month=August,2026-02-19T13:03:12.896Z,2026-02-19T13:03:12.896Z
bf6acb91-8d29-45ef-a0c6-d0e205bb127d,B0FRS6RDXB,Pimple Patches,SAMPLE,KEPT,2025-08-01,13.99,USD,,,sheet_month=August,2026-02-19T13:03:12.896Z,2026-02-19T13:03:12.896Z
7be349ac-ccc1-4d19-a8d1-8b636c5ae94c,B0G1X6BM3S,Resin Necklace,SAMPLE,KEPT,2025-08-01,16.99,USD,,,sheet_month=August,2026-02-19T13:03:12.896Z,2026-02-19T13:03:12.896Z
68c6a8c6-4fc8-4422-a2fc-1d62b0b9b0f3,B0FHB5MWKH,Womens Socks,SAMPLE,KEPT,2025-08-01,13.99,USD,,,sheet_month=August,2026-02-19T13:03:12.896Z,2026-02-19T13:03:12.896Z
6773d075-70ec-4dbc-8b5f-6a00917a79df,B07Z9RCQRK,Setting Spray,SAMPLE,KEPT,2025-08-01,18.70,USD,,,sheet_month=August,2026-02-19T13:03:12.896Z,2026-02-19T13:03:12.896Z
70891c8d-1f26-4b6a-91cd-506306cf0f75,B01KI941I4,Tire Tread Gauge,SAMPLE,KEPT,2025-08-01,10.99,USD,,,sheet_month=August,2026-02-19T13:03:12.896Z,2026-02-19T13:03:12.896Z
0806703b-2a53-4716-8b11-a67d35dc45c2,B0FRLX8LWZ,Meat Thermometer Red,SAMPLE,KEPT,2025-08-01,8.99,USD,,,sheet_month=August,2026-02-19T13:03:12.896Z,2026-02-19T13:03:12.896Z
55f624d2-2566-46d7-a045-61b44f1a2517,B0DKJSKBZ6,Convertable Duffle Bag,SAMPLE,KEPT,2025-08-01,37.99,USD,,,sheet_month=August,2026-02-19T13:03:12.897Z,2026-02-19T13:03:12.897Z
93be096e-ab0b-42bd-90ea-f739fb66ac0f,B0FT3DSBH4,RFID Wallet slim,SAMPLE,KEPT,2025-08-01,59.99,USD,,,sheet_month=August,2026-02-19T13:03:12.897Z,2026-02-19T13:03:12.897Z
bac85682-1a6d-4216-be49-7e6b3f5f0896,B08KZMTWRK,Phone Desk Stand,SAMPLE,KEPT,2025-08-01,23.74,USD,,,sheet_month=August,2026-02-19T13:03:12.897Z,2026-02-19T13:03:12.897Z
bc22f6a2-63cb-4d92-ae6e-43e4207d0c99,B005SIR12E,Curly Hair Custard,SAMPLE,KEPT,2025-08-01,21.00,USD,,,sheet_month=August,2026-02-19T13:03:12.897Z,2026-02-19T13:03:12.897Z
8b8560df-3fec-4897-96b1-5fee1d91cd86,B0B7VN5RVH,Wireless outlet,SAMPLE,KEPT,2025-08-01,15.99,USD,,,sheet_month=August,2026-02-19T13:03:12.897Z,2026-02-19T13:03:12.897Z
5147d99f-5b6b-4145-b055-ef3f14050aa8,B08GF7YGCD,Detergent Sheets,SAMPLE,KEPT,2025-08-01,12.08,USD,,,sheet_month=August,2026-02-19T13:03:12.897Z,2026-02-19T13:03:12.897Z
48e3cf31-5215-48cd-bfd4-86735cb8ee7c,B0FQMLDGDG,Charger Stand 3-1 iphone,SAMPLE,KEPT,2025-08-01,39.99,USD,,,sheet_month=August,2026-02-19T13:03:12.897Z,2026-02-19T13:03:12.897Z
9d8bc13b-3010-4b24-aeb7-67423b44e924,B0FQTHMVMD,Travel Duffle Women,SAMPLE,KEPT,2025-08-01,41.99,USD,,,sheet_month=August,2026-02-19T13:03:12.897Z,2026-02-19T13:03:12.897Z
e3d6dde5-4db6-4406-9cd8-1be8d3298e57,B0FK9RMGWN,Small Bath trash,SAMPLE,KEPT,2025-08-01,27.53,USD,,,sheet_month=August,2026-02-19T13:03:12.898Z,2026-02-19T13:03:12.898Z
ac2428ec-7923-4b3b-8323-555bcb77fb94,B077ZTJWVT,Forehead Thermometer,SAMPLE,KEPT,2025-08-01,24.96,USD,,,sheet_month=August,2026-02-19T13:03:12.898Z,2026-02-19T13:03:12.898Z
2961cc01-c413-40d8-a411-8f76ff43b5cb,B0G42LP1SZ,Sterling Silver Plated Hoop,SAMPLE,KEPT,2025-08-01,14.99,USD,,,sheet_month=August,2026-02-19T13:03:12.898Z,2026-02-19T13:03:12.898Z
82464b49-5e89-4be3-aea2-2b28d357c354,B0DD463YST,Link Bracelet Silver,SAMPLE,KEPT,2025-08-01,19.99,USD,,,sheet_month=August,2026-02-19T13:03:12.898Z,2026-02-19T13:03:12.898Z
da6b6809-fe17-43b5-b76d-22efef66df63,B0FMQZ25ML,Night Light Cozy Bird,SAMPLE,KEPT,2025-08-01,19.99,USD,,,sheet_month=August,2026-02-19T13:03:12.898Z,2026-02-19T13:03:12.898Z
79f27117-9e16-42f6-92fa-2bfdecc03612,B0FX3LMJQ7,Heatless Curlers,SAMPLE,KEPT,2025-08-01,8.99,USD,,,sheet_month=August,2026-02-19T13:03:12.898Z,2026-02-19T13:03:12.898Z
5dfdb08b-d1b5-42f4-a312-cb122045cd1d,B07938YXML,Parchement Sheets,SAMPLE,KEPT,2025-08-01,14.99,USD,,,sheet_month=August,2026-02-19T13:03:12.898Z,2026-02-19T13:03:12.898Z
17b6d7c8-2009-4c8c-8b84-494d0ebe54e2,B0DJV9Q1DJ,Tumbler Black,SAMPLE,KEPT,2025-08-01,19.99,USD,,,sheet_month=August,2026-02-19T13:03:12.898Z,2026-02-19T13:03:12.898Z
cc97bbff-5772-4277-890b-aa1907dec653,B0CKTWK4ZT,Double Wall Glass tumbler,SAMPLE,KEPT,2025-08-01,33.99,USD,,,sheet_month=August,2026-02-19T13:03:12.899Z,2026-02-19T13:03:12.899Z
c4c9da44-fae2-4df7-b39f-ecd975ca2327,B0F8BF5NBF,Small Lunch Bag,SAMPLE,KEPT,2025-08-01,9.99,USD,,,sheet_month=August,2026-02-19T13:03:12.899Z,2026-02-19T13:03:12.899Z
e2d58c5b-9d5a-469a-a10a-b24ba6150b7c,B0DHVF1ZBL,Small Ottoman,SAMPLE,KEPT,2025-08-01,25.99,USD,,,sheet_month=August,2026-02-19T13:03:12.899Z,2026-02-19T13:03:12.899Z
89bae3e1-b448-403f-b973-b152f6c25269,B0FQCK5LF4,Pizza Cutter,SAMPLE,KEPT,2025-08-01,39.99,USD,,,sheet_month=August,2026-02-19T13:03:12.899Z,2026-02-19T13:03:12.899Z
1da155a3-076d-46b3-b155-20388f740eeb,B0DHRCX97S,Glass Tumblers 2,SAMPLE,KEPT,2025-08-01,19.77,USD,,,sheet_month=August,2026-02-19T13:03:12.899Z,2026-02-19T13:03:12.899Z
673db608-7e6f-447b-9115-6c801b175b1a,B0DPWB5S84,Grounding Sheets,SAMPLE,KEPT,2025-08-01,80.99,USD,,,sheet_month=August,2026-02-19T13:03:12.899Z,2026-02-19T13:03:12.899Z
ad5cb39c-0cfe-4889-9533-88ef90753404,B09C32DYV1,Meat Thermometer Black,SAMPLE,KEPT,2025-08-01,9.99,USD,,,sheet_month=August,2026-02-19T13:03:12.899Z,2026-02-19T13:03:12.899Z
0cc8bc53-92e8-43a4-b0f8-4d8b1e7c2b19,B0FN4TVVZP,Skateboard Man Lamp,SAMPLE,KEPT,2025-08-01,108.87,USD,,,sheet_month=August,2026-02-19T13:03:12.899Z,2026-02-19T13:03:12.899Z
55385c8f-8572-471c-b85c-37eb79ff2bb2,B0FWR8WJDP,Multitool pocket knife,SAMPLE,KEPT,2025-08-01,24.99,USD,,,sheet_month=August,2026-02-19T13:03:12.900Z,2026-02-19T13:03:12.900Z
228c4ee9-8951-488b-9c51-f2871bf659cb,B08644FKP1,Indoor Security Camera,SAMPLE,KEPT,2025-08-01,19.99,USD,,,sheet_month=August,2026-02-19T13:03:12.900Z,2026-02-19T13:03:12.900Z
766d8d8f-1496-430a-86e0-97d3cc3a0e3c,B0D1C186ZR,Setting Spray,SAMPLE,KEPT,2025-08-01,32.00,USD,,,sheet_month=August,2026-02-19T13:03:12.900Z,2026-02-19T13:03:12.900Z
71ac8452-9d83-483f-bbeb-f2367381b549,B0BTD2D68D,End tables,SAMPLE,KEPT,2025-08-01,99.99,USD,,,sheet_month=August,2026-02-19T13:03:12.900Z,2026-02-19T13:03:12.900Z
c7c108c5-113c-4b77-ab3b-b57aeed7bd9a,B0FNR4SW23,Small Sling Bag,SAMPLE,KEPT,2025-08-01,45.99,USD,,,sheet_month=August,2026-02-19T13:03:12.900Z,2026-02-19T13:03:12.900Z
9c5ee9db-6a15-4dd4-8a6b-3a6bbbad5d9c,B0F43K66DX,Travel Duffle Bag Men,SAMPLE,KEPT,2025-08-01,29.99,USD,,,sheet_month=August,2026-02-19T13:03:12.900Z,2026-02-19T13:03:12.900Z
6eb1f2c3-87ba-4c54-b691-446cd628e47b,B0D41FNZTT,Auto Removal Tools,SAMPLE,KEPT,2025-08-01,5.59,USD,,,sheet_month=August,2026-02-19T13:03:12.900Z,2026-02-19T13:03:12.900Z
f0beea7f-7a9d-4fdc-9f04-ef65d83002ca,B0F3D28541,Magnetic Knife Block 2X,SAMPLE,KEPT,2026-01-01,56.98,USD,,,sheet_month=(none),2026-02-19T13:03:12.900Z,2026-02-19T13:03:12.900Z
e5e2aa6d-0c0b-4c34-8be1-f1ea403ce7b4,B0FKBBDJ59,3 Pcs Butcher Knives Set,SAMPLE,GAVE_AWAY,2026-01-02,23.74,USD,2026-01-23,0.00,sheet_month=(none),2026-02-19T13:03:12.901Z,2026-02-19T22:18:11.041Z
ee28b88e-0b5f-4711-b493-cbc6dbedec76,B0FS764RQ4,Wyze Scale Body Scan,SAMPLE,KEPT,2026-01-01,113.38,USD,,,sheet_month=(none),2026-02-19T13:03:12.901Z,2026-02-19T13:03:12.901Z
b0dd5011-f1c2-4caa-bdac-e103773915ff,B0BTD2D68D,SoBuy 2 Nightstands,SAMPLE,KEPT,2026-01-01,75.49,USD,,,sheet_month=(none),2026-02-19T13:03:12.901Z,2026-02-19T13:03:12.901Z
8f1f0acb-f237-4dd8-9017-3d3a39a9b175,B0FKY4Q4N1,Fillet Knife 9 inch,SAMPLE,KEPT,2026-01-01,26.99,USD,,,sheet_month=(none),2026-02-19T13:03:12.901Z,2026-02-19T13:03:12.901Z
60eca24e-88c9-457e-b6eb-a7e2aad710c8,B09VSYLWXM,BOOKOO Car Battery Bank,SAMPLE,KEPT,2026-01-01,35.00,USD,,,sheet_month=(none),2026-02-19T13:03:12.901Z,2026-02-19T13:03:12.901Z
9b60ea97-b4cd-402b-b8ab-68c7ef7b2fad,B0FF975MXH,Pokat Farmhouse Lamp,SAMPLE,KEPT,2026-01-01,69.99,USD,,,sheet_month=(none),2026-02-19T13:03:12.901Z,2026-02-19T13:03:12.901Z
7ec2c8dd-12bd-4578-b172-437be7d25506,B0DH26YLTH,Electric Nose Trimmer,SAMPLE,KEPT,2026-01-01,6.98,USD,,,sheet_month=(none),2026-02-19T13:03:12.901Z,2026-02-19T13:03:12.901Z
c8ec5bbb-22fd-4595-8c35-9f6893afabee,B0DJKM6JQ9,Manual Nose Trimmer,SAMPLE,KEPT,2026-01-01,5.74,USD,,,sheet_month=(none),2026-02-19T13:03:12.901Z,2026-02-19T13:03:12.901Z
aac7abbf-7145-4084-af57-98a05a096c96,B0CMWVY4YM,Ring Light,SAMPLE,KEPT,2026-01-01,35.53,USD,,,sheet_month=(none),2026-02-19T13:03:12.902Z,2026-02-19T13:03:12.902Z
d964efd4-0bec-436e-8c1a-19c6c704d9b8,B0D41FNZTT,Auto Trim Tools,SAMPLE,KEPT,2026-01-01,5.59,USD,,,sheet_month=(none),2026-02-19T13:03:12.902Z,2026-02-19T13:03:12.902Z
09a19ad2-67b9-4a11-8dc1-de331995f9db,B0FJ8JGB9G,E Toothbrush + Flosser,SAMPLE,KEPT,2026-01-01,79.99,USD,,,sheet_month=(none),2026-02-19T13:03:12.902Z,2026-02-19T13:03:12.902Z
588829a4-687b-43bd-ae11-9a74544c3c44,B08644FKP1,Amcrest Camera Indoor,SAMPLE,KEPT,2026-01-01,19.99,USD,,,sheet_month=(none),2026-02-19T13:03:12.902Z,2026-02-19T13:03:12.902Z
97e38f38-a122-4a64-aa7d-cd4c94ce8601,B0FK51N9FR,Qaurter Zip Mens,SAMPLE,KEPT,2026-01-01,29.99,USD,,,sheet_month=(none),2026-02-19T13:03:12.902Z,2026-02-19T13:03:12.902Z
cd5621d5-e018-42ba-b529-9a9baff4a110,B0FPX5J1R9,Altrasonic Cleaner,SAMPLE,KEPT,2026-01-01,29.99,USD,,,sheet_month=(none),2026-02-19T13:03:12.902Z,2026-02-19T13:03:12.902Z
b70fadcd-c5ad-4b47-b710-2260a0ead838,B0F5PXH3VF,Mini Flosser,SAMPLE,KEPT,2026-01-01,22.99,USD,,,sheet_month=(none),2026-02-19T13:03:12.902Z,2026-02-19T13:03:12.902Z
f38c4e90-60d3-49ad-b90e-e925b86b64e5,B0FPC41DKW,Desk Cup Holder,SAMPLE,KEPT,2026-01-01,12.99,USD,,,sheet_month=(none),2026-02-19T13:03:12.902Z,2026-02-19T13:03:12.902Z
c5adde97-f4aa-4c16-b738-9df7c87157bd,B0B8Y6SZ73,Insulated Water Bottle,SAMPLE,KEPT,2026-01-01,27.99,USD,,,sheet_month=(none),2026-02-19T13:03:12.903Z,2026-02-19T13:03:12.903Z
ae63e18a-fa07-44d3-be38-f508f6fbeda2,B0BTY8RVVD,Ring Binder - 8 pack,SAMPLE,KEPT,2026-01-01,28.99,USD,,,sheet_month=(none),2026-02-19T13:03:12.903Z,2026-02-19T13:03:12.903Z
20e4d2fa-e5ef-4f24-b8d1-287afb2a15e7,B0DJVQ3QLJ,Ring Binder 1,SAMPLE,KEPT,2026-01-01,9.99,USD,,,sheet_month=(none),2026-02-19T13:03:12.903Z,2026-02-19T13:03:12.903Z
fa0186c0-bcc1-4a1c-a4d6-51ecfb91afd8,B0DRG3JMPY,Infant Girl Shoes,SAMPLE,KEPT,2026-01-01,13.99,USD,,,sheet_month=(none),2026-02-19T13:03:12.903Z,2026-02-19T13:03:12.903Z
c8c0e9b3-8c6f-4c0a-a85a-e90d13711d9c,B09V7XC4VV,Little Plant set,SAMPLE,KEPT,2026-01-01,9.99,USD,,,sheet_month=(none),2026-02-19T13:03:12.903Z,2026-02-19T13:03:12.903Z
79742635-c3cd-4605-b66c-8e97a8a7e1b7,B0FB39D8TF,Wallet for men,SAMPLE,KEPT,2026-01-01,4.99,USD,,,sheet_month=(none),2026-02-19T13:03:12.903Z,2026-02-19T13:03:12.903Z
05fd5b79-197e-4718-9fe4-dbc8c6b5a971,B0FT2557CB,Comforter,SAMPLE,KEPT,2026-01-01,49.99,USD,,,sheet_month=(none),2026-02-19T13:03:12.903Z,2026-02-19T13:03:12.903Z
62736cfa-8f62-4d47-8672-9b4e181c8a57,B0FHNZJJV4,Travel Case Charger,SAMPLE,KEPT,2026-01-01,21.68,USD,,,sheet_month=(none),2026-02-19T13:03:12.903Z,2026-02-19T13:03:12.903Z
6f4ff660-c29f-4474-aebb-2d55b8b74ed9,B0FPX84HQT,Candle Warmer,SAMPLE,KEPT,2026-01-01,59.99,USD,,,sheet_month=(none),2026-02-19T13:03:12.904Z,2026-02-19T13:03:12.904Z
0a6f18fe-c8e4-47a0-8946-d0dd6734000a,B0BM4HGSFJ,Aux Wired Earbuds,SAMPLE,KEPT,2026-01-01,9.99,USD,,,sheet_month=(none),2026-02-19T13:03:12.904Z,2026-02-19T13:03:12.904Z
2883674c-05e5-4cac-9aa4-a89145b4d751,B0BR728TB6,Chunky Knit Blanky,SAMPLE,KEPT,2026-01-01,31.34,USD,,,sheet_month=(none),2026-02-19T13:03:12.904Z,2026-02-19T13:03:12.904Z
63ecd069-5cff-4c73-9385-5ecd8c7b8be5,B0B68CLGPY,CLip on Running Lights,SAMPLE,KEPT,2026-01-01,18.99,USD,,,sheet_month=(none),2026-02-19T13:03:12.904Z,2026-02-19T13:03:12.904Z
3d6e1d6a-1564-4adc-9b51-8c30dd4ad128,B0FF2BS444,Bone Conduction Earbuds,SAMPLE,KEPT,2026-01-01,418.00,USD,,,sheet_month=(none),2026-02-19T13:03:12.904Z,2026-02-19T13:03:12.904Z
007308ea-12d2-4156-a5f0-4b581eb0d1da,B0FB3T6598,Espresso Coffee Cups,SAMPLE,KEPT,2026-01-01,19.99,USD,,,sheet_month=(none),2026-02-19T13:03:12.904Z,2026-02-19T13:03:12.904Z
44c312d9-b0ab-478b-9db8-9a6d10a978f3,B0GBTRHCLV,Gold Charms,SAMPLE,KEPT,2026-01-01,15.99,USD,,,sheet_month=(none),2026-02-19T13:03:12.904Z,2026-02-19T13:03:12.904Z
2581d5fe-fe21-48da-96af-4a1106f1ebc9,B0GBW7QCGB,Gold Sea Shell Necklaces,SAMPLE,KEPT,2026-01-01,15.99,USD,,,sheet_month=(none),2026-02-19T13:03:12.905Z,2026-02-19T13:03:12.905Z
045bfb52-b94c-4169-ac18-421268597c75,B0F483X7YF,Fridge Shelves,SAMPLE,KEPT,2026-01-01,35.99,USD,,,sheet_month=(none),2026-02-19T13:03:12.905Z,2026-02-19T13:03:12.905Z
334485f8-2e44-4d3a-bb1d-3d2072c77c52,B0FLPJ7TW8,Magsafe Wallet Stand,SAMPLE,KEPT,2026-01-01,17.99,USD,,,sheet_month=(none),2026-02-19T13:03:12.905Z,2026-02-19T13:03:12.905Z
c630e7d2-355d-463b-81a2-dbe617ffe1e8,B0DYVJ43WK,Pickleball Paddle,SAMPLE,KEPT,2026-01-01,39.99,USD,,,sheet_month=(none),2026-02-19T13:03:12.905Z,2026-02-19T13:03:12.905Z
71f35de7-b637-43c0-92b6-a433b6c72bd8,B0CFJWQ3Y8,7-1 Sharpener,SAMPLE,KEPT,2026-01-01,33.99,USD,,,sheet_month=(none),2026-02-19T13:03:12.905Z,2026-02-19T13:03:12.905Z
9134d7d5-768d-4e99-a7fc-56474f002af6,B0DRPTG9FF,Portable Air Compressor,SAMPLE,KEPT,2026-01-01,69.99,USD,,,sheet_month=(none),2026-02-19T13:03:12.905Z,2026-02-19T13:03:12.905Z
1c0d40df-9be5-411d-b2e2-3cfc29b3636b,B0C89SNCR2,2 Headlamps,SAMPLE,KEPT,2026-01-01,21.99,USD,,,sheet_month=(none),2026-02-19T13:03:12.905Z,2026-02-19T13:03:12.905Z
0501e402-f228-406a-82ea-27d213686f15,B0FSK387GD,Open Ear Headphones,SAMPLE,KEPT,2026-01-01,24.99,USD,,,sheet_month=(none),2026-02-19T13:03:12.905Z,2026-02-19T13:03:12.905Z
f21f69ac-ff92-41f9-aadb-62cc267ef8dc,B0FG2MJLSF,Wired IN Ear Earbuds,SAMPLE,KEPT,2026-01-01,25.99,USD,,,sheet_month=(none),2026-02-19T13:03:12.906Z,2026-02-19T13:03:12.906Z
eed8b400-0ef9-4eb3-b51a-00a48a697f24,B0G4383NNT,Womens Button Down,SAMPLE,KEPT,2026-01-01,16.98,USD,,,sheet_month=(none),2026-02-19T13:03:12.906Z,2026-02-19T13:03:12.906Z
c67f2b14-16a9-4d47-b9b3-55847af0a94a,B0DD62Z666,E Toothbrush,SAMPLE,KEPT,2026-01-01,29.95,USD,,,sheet_month=(none),2026-02-19T13:03:12.906Z,2026-02-19T13:03:12.906Z
a4094f2c-073f-4636-bb74-1bb577a5db2e,B0DHNXX6DX,Bobtot Speaker,SAMPLE,KEPT,2026-01-01,19.99,USD,,,sheet_month=(none),2026-02-19T13:03:12.906Z,2026-02-19T13:03:12.906Z
f338a476-06da-4c85-a523-410c6afae6c5,B0FK9QSMFW,Wearable Speaker,SAMPLE,KEPT,2026-01-01,21.59,USD,,,sheet_month=(none),2026-02-19T13:03:12.906Z,2026-02-19T13:03:12.906Z
c5362222-70a6-41bd-9577-2bf287c259f5,B0996CJFQD,Desk Power Strip,SAMPLE,KEPT,2026-01-01,29.99,USD,,,sheet_month=(none),2026-02-19T13:03:12.906Z,2026-02-19T13:03:12.906Z
07d4b40d-fbfa-48f4-8f77-11243d9f26a0,B0FNL82LXT,Butcher Knife,SAMPLE,KEPT,2026-01-01,25.64,USD,,,sheet_month=(none),2026-02-19T13:03:12.906Z,2026-02-19T13:03:12.906Z
af382abe-c1ec-4411-a2c3-00c83db8fead,B0CC1YGYVK,Drywall Anchors,SAMPLE,KEPT,2026-01-01,9.99,USD,,,sheet_month=(none),2026-02-19T13:03:12.907Z,2026-02-19T13:03:12.907Z
7af56313-3b5b-4110-8e40-317345cbde83,B0FS7CT7PC,Electric Standing desk,SAMPLE,SOLD,2026-01-16,159.99,USD,2026-02-10,70.00,sheet_month=(none),2026-02-19T13:03:12.907Z,2026-02-19T22:38:44.810Z
5db65562-12f1-48bc-8886-24296bb45b38,B0FXFXQXZW,Sqaure Side Table,SAMPLE,KEPT,2026-01-01,65.99,USD,,,sheet_month=(none),2026-02-19T13:03:12.907Z,2026-02-19T13:03:12.907Z
83676bfc-e8f3-453a-8209-6b1e50254675,B09X1L267X,Gold Girls Shoes,SAMPLE,KEPT,2026-01-01,30.99,USD,,,sheet_month=(none),2026-02-19T13:03:12.907Z,2026-02-19T13:03:12.907Z
9332791c-1b5a-422d-886b-5342eda8da43,B0CSG2X5TC,Green Girls Flats,SAMPLE,KEPT,2026-01-01,29.99,USD,,,sheet_month=(none),2026-02-19T13:03:12.907Z,2026-02-19T13:03:12.907Z
b1f592ac-2593-4b2f-a675-9510b3221886,B0GHDPM4R3,Girls Sandals,SAMPLE,KEPT,2026-01-01,34.99,USD,,,sheet_month=(none),2026-02-19T13:03:12.907Z,2026-02-19T13:03:12.907Z
dbbc9e1a-41ee-4307-9f33-373d36c29895,B0DYJVT78Q,Gold Stackable Rings,SAMPLE,KEPT,2026-01-01,15.99,USD,,,sheet_month=(none),2026-02-19T13:03:12.907Z,2026-02-19T13:03:12.907Z
1f7d61ca-6373-435c-b48a-0262bfa048c4,B0DFD4SS4Q,Magsafe Wallet,SAMPLE,KEPT,2026-01-01,24.99,USD,,,sheet_month=(none),2026-02-19T13:03:12.907Z,2026-02-19T13:03:12.907Z
60338d4f-033f-4980-a42a-4a9da19f0ba8,B07G4MSDGK,Mountit Larger Laptop Desk,SAMPLE,KEPT,2026-01-01,192.99,USD,,,sheet_month=(none),2026-02-19T13:03:12.908Z,2026-02-19T13:03:12.908Z
a12d757a-bbfa-4722-895f-f91cb96f9a22,B085ZNHRQB,Mountit Smaler Laptop Desk,SAMPLE,KEPT,2026-01-01,183.99,USD,,,sheet_month=(none),2026-02-19T13:03:12.908Z,2026-02-19T13:03:12.908Z
8c092e0d-2973-4ee0-826b-5e4cc62fb77c,B0FGTTVJPQ,Folding Knife,SAMPLE,KEPT,2026-01-01,69.92,USD,,,sheet_month=(none),2026-02-19T13:03:12.908Z,2026-02-19T13:03:12.908Z
2c799d71-ac0d-4d81-8c8d-e8055eff37f1,B0G3F82MCV,Stainless Steel Ring,SAMPLE,KEPT,2026-01-01,9.99,USD,,,sheet_month=(none),2026-02-19T13:03:12.908Z,2026-02-19T13:03:12.908Z
7ff6748f-a471-4b5a-b7c3-c19a805653f0,B0DTV56DH1,Ultrasonic Cleaner,SAMPLE,KEPT,2026-01-01,22.99,USD,,,sheet_month=(none),2026-02-19T13:03:12.908Z,2026-02-19T13:03:12.908Z
aca2356c-eea1-45c4-a203-bbd2375ec087,B0FQHY9XLY,Surge Power Strip Lots,SAMPLE,KEPT,2026-01-01,32.99,USD,,,sheet_month=(none),2026-02-19T13:03:12.908Z,2026-02-19T13:03:12.908Z
86becc97-86ed-4fdd-919e-93f986779a5c,B0DSBTC39B,Under Sink Organizer,SAMPLE,KEPT,2026-01-01,39.99,USD,,,sheet_month=(none),2026-02-19T13:03:12.908Z,2026-02-19T13:03:12.908Z
6fe6a5d6-3ed4-440c-82a5-b4ca48b2597b,B0FB2WXVN8,ANC Headphones White,SAMPLE,KEPT,2026-01-01,30.99,USD,,,sheet_month=(none),2026-02-19T13:03:12.909Z,2026-02-19T13:03:12.909Z
6ce5dc53-3967-4182-9c66-72c0e133db83,B0FS14BH7C,Jotsome Small Desk Mat,SAMPLE,KEPT,2026-01-01,21.99,USD,,,sheet_month=(none),2026-02-19T13:03:12.909Z,2026-02-19T13:03:12.909Z
c755b1d3-ff67-470b-8e26-bbdd638ba631,B0FVGHWC7T,Floor Lamp,SAMPLE,KEPT,2026-01-01,199.98,USD,,,sheet_month=(none),2026-02-19T13:03:12.909Z,2026-02-19T13:03:12.909Z
a805c3e7-0e8d-4807-8998-32ef64b3ec11,B0D1C186ZR,Setting Spray Your,SAMPLE,KEPT,2026-01-01,27.20,USD,,,sheet_month=(none),2026-02-19T13:03:12.909Z,2026-02-19T13:03:12.909Z
c766d16f-2557-4eae-b627-6bc05f097615,B0FNMP66V9,Sound Panels - Fell Off,SAMPLE,KEPT,2026-01-01,129.99,USD,,,sheet_month=(none),2026-02-19T13:03:12.909Z,2026-02-19T13:03:12.909Z
ac7354c6-c6d3-40e8-ae4b-85b960b36cd5,B0D9XVPFLD,HUGE Desk Mat,SAMPLE,KEPT,2026-01-01,24.98,USD,,,sheet_month=(none),2026-02-19T13:03:12.909Z,2026-02-19T13:03:12.909Z
e8e5b65f-d024-4e84-b2bd-725935d288ed,B0FD9TD752,Electric Kettle,SAMPLE,KEPT,2026-01-01,49.99,USD,,,sheet_month=(none),2026-02-19T13:03:12.909Z,2026-02-19T13:03:12.909Z
89561a42-ef38-4202-b38e-b6078ab66658,B0FYFG5W1L,Mini Backpack for Women,SAMPLE,KEPT,2026-01-01,35.99,USD,,,sheet_month=(none),2026-02-19T13:03:12.909Z,2026-02-19T13:03:12.909Z
3832f5b0-e4a1-410f-a411-6a1d72b85186,B0DXZMRK4V,Cat eye Glasses,SAMPLE,KEPT,2026-01-01,19.99,USD,,,sheet_month=(none),2026-02-19T13:03:12.910Z,2026-02-19T13:03:12.910Z
fcc241ab-b231-4d22-851d-3d56ffbe581d,B0G6Z3TT4L,Mens Aviators Gold,SAMPLE,KEPT,2026-01-01,16.99,USD,,,sheet_month=(none),2026-02-19T13:03:12.910Z,2026-02-19T13:03:12.910Z
85215a36-531c-4fe0-93ff-086d9b247b7b,B0DKN1K959,Sliding Under Desk Organizer,SAMPLE,KEPT,2026-01-01,34.99,USD,,,sheet_month=(none),2026-02-19T13:03:12.910Z,2026-02-19T13:03:12.910Z
6e1f2cef-fac1-4c2d-a868-2e837f7577c1,B0DRCZV6KZ,Electric Toothbrush,SAMPLE,KEPT,2026-01-01,9.56,USD,,,sheet_month=(none),2026-02-19T13:03:12.910Z,2026-02-19T13:03:12.910Z
0c60243d-d69f-4bd3-a752-0e55e5277569,B0G1LSVZ1M,Mecity Toaster,SAMPLE,KEPT,2026-01-01,59.99,USD,,,sheet_month=(none),2026-02-19T13:03:12.910Z,2026-02-19T13:03:12.910Z
49eca399-3cfc-414b-afda-235a0f94fbb2,B08NGHVL9N,Mens Barb Wired Necklace,SAMPLE,KEPT,2026-01-01,21.99,USD,,,sheet_month=(none),2026-02-19T13:03:12.910Z,2026-02-19T13:03:12.910Z
d9c3d1e8-2217-4ce1-a4cc-7f349c982874,B0FVSMHY81,Mens Ankle Socks White,SAMPLE,KEPT,2026-01-01,19.99,USD,,,sheet_month=(none),2026-02-19T13:03:12.910Z,2026-02-19T13:03:12.910Z
f1ea4a16-982d-4454-baea-a0dfe0743b69,B0C374XT96,Wool Ankle Socks Brown,SAMPLE,KEPT,2026-01-01,18.99,USD,,,sheet_month=(none),2026-02-19T13:03:12.910Z,2026-02-19T13:03:12.910Z
139c71c7-2add-45c1-94b7-9f424d8943a1,B0FPVX9V6T,Micro Boot Slippers,SAMPLE,KEPT,2026-01-01,69.99,USD,,,sheet_month=(none),2026-02-19T13:03:12.911Z,2026-02-19T13:03:12.911Z
e733a09e-2482-4a50-800c-334add79ee47,B0FBWK81R9,Damascus Steel Knife Kit,SAMPLE,KEPT,2026-01-01,99.99,USD,,,sheet_month=(none),2026-02-19T13:03:12.911Z,2026-02-19T13:03:12.911Z
10f86845-08e9-4da8-beb2-f39b9177ecda,B0FTRDKB3G,Red Light Ankle Thing,SAMPLE,KEPT,2026-01-01,59.99,USD,,,sheet_month=(none),2026-02-19T13:03:12.911Z,2026-02-19T13:03:12.911Z
b155f063-d437-4c3b-86c0-e489dd65165d,B0DB63578H,Bamboo Couch arm,SAMPLE,KEPT,2026-01-01,23.99,USD,,,sheet_month=(none),2026-02-19T13:03:12.911Z,2026-02-19T13:03:12.911Z
0e076ecc-ff8c-4cd9-92cc-87e87ff24e11,B0FKK9RCL3,Blue Light Glasses,SAMPLE,KEPT,2026-01-01,39.99,USD,,,sheet_month=(none),2026-02-19T13:03:12.911Z,2026-02-19T13:03:12.911Z
f29a0a9d-11e2-4134-a189-fc8725de057e,B0DP4G2NG8,LED Floor Lamp Geture,SAMPLE,KEPT,2026-01-01,35.99,USD,,,sheet_month=(none),2026-02-19T13:03:12.911Z,2026-02-19T13:03:12.911Z
22fd8990-8164-4039-8e3b-6ecbc7fb9c57,B09V13KQ62,Hat LED Lighs,SAMPLE,KEPT,2026-01-01,24.69,USD,,,sheet_month=(none),2026-02-19T13:03:12.911Z,2026-02-19T13:03:12.911Z
63ac68c1-308b-44c3-9daf-15d1d511f1a0,B0FRKCJSFX,LED Pucks,SAMPLE,KEPT,2026-01-01,14.99,USD,,,sheet_month=(none),2026-02-19T13:03:12.912Z,2026-02-19T13:03:12.912Z
7bfe7186-db81-4d9e-8eed-efae2184e7e2,B0CVCTNNKV,LED Lantern Small,SAMPLE,KEPT,2026-01-01,14.99,USD,,,sheet_month=(none),2026-02-19T13:03:12.912Z,2026-02-19T13:03:12.912Z
9b30d3dc-03f0-4e4e-871a-d6b1770019ea,B0CGM1FY8W,Memory foam Pillow,SAMPLE,KEPT,2026-01-01,39.99,USD,,,sheet_month=(none),2026-02-19T13:03:12.912Z,2026-02-19T13:03:12.912Z
bf8fe271-275c-44e1-80fd-a4e22baedf93,B0G3QF9MLQ,Wiper Blads Accord,SAMPLE,KEPT,2026-01-01,15.99,USD,,,sheet_month=(none),2026-02-19T13:03:12.912Z,2026-02-19T13:03:12.912Z
11047a96-340f-4fb3-899a-65ad2ac15f9b,B0F4D12M7Y,Toe Socks,SAMPLE,KEPT,2026-01-01,26.99,USD,,,sheet_month=(none),2026-02-19T13:03:12.912Z,2026-02-19T13:03:12.912Z
0498487a-7dbb-44f1-b732-1d4693511d19,B0FY1HZSRN,Polesaw,SAMPLE,KEPT,2026-01-01,99.99,USD,,,sheet_month=(none),2026-02-19T13:03:12.912Z,2026-02-19T13:03:12.912Z
36855944-893b-4548-8bb3-6e05a6b60512,B07K2RXQG7,Earhook Headset,SAMPLE,KEPT,2026-01-01,46.00,USD,,,sheet_month=(none),2026-02-19T13:03:12.912Z,2026-02-19T13:03:12.912Z
8e02ff97-33e1-49b9-ad55-9ba1c67b338d,B0F89YX99K,In Ear Monitor Headphones,SAMPLE,KEPT,2026-01-01,39.89,USD,,,sheet_month=(none),2026-02-19T13:03:12.912Z,2026-02-19T13:03:12.912Z
b8612495-aa4b-4c6f-876c-f395631f5276,B0D3WH717F,Souper Cubes,SAMPLE,KEPT,2026-01-01,39.99,USD,,,sheet_month=(none),2026-02-19T13:03:12.913Z,2026-02-19T13:03:12.913Z
6d5067f5-92ed-41c8-b501-a61959bfd709,B0F1FW4MPB,Ultrasonic Cleaner Beeshop,SAMPLE,KEPT,2026-02-05,19.99,USD,,,,2026-02-19T22:12:53.781Z,2026-02-19T22:12:53.781Z
ea87d1e7-de41-4e65-a197-6bbb30213386,B0FF8ZK2JP,Mens Running Shoes,SAMPLE,KEPT,2026-02-04,41.29,USD,,,,2026-02-19T22:13:35.327Z,2026-02-19T22:13:35.327Z
bc94a402-7eef-41fa-b9a3-de0e3ca28764,B098JS968R,Mens White Tank Top,SAMPLE,KEPT,2026-02-04,14.99,USD,,,,2026-02-19T22:14:04.105Z,2026-02-19T22:14:04.105Z
129cff91-45de-4004-b4f1-6285b3ffb769,B0F7RKCYMB,White Cotton Face Wash Clothes,SAMPLE,KEPT,2026-02-01,17.49,USD,,,,2026-02-19T22:14:40.938Z,2026-02-19T22:14:40.938Z
6e2a95c5-286e-48c4-a5f2-b93e51952e57,B0F3HD4VJK,Car Emergency Kit,SAMPLE,KEPT,2026-02-06,62.99,USD,,,,2026-02-19T22:15:18.369Z,2026-02-19T22:15:18.369Z
5e9c034f-9def-40d5-a0b5-62d940dd8f07,B07PVZVGW1,Pink Stork Nausea Sweets,SAMPLE,KEPT,2026-01-15,14.99,USD,,,,2026-02-19T22:15:54.191Z,2026-02-19T22:15:54.191Z
ca328362-8589-470e-8d3c-fee5edcbb1db,B0FRMTGXWM,Bed Storage Bench,SAMPLE,SOLD,2026-01-15,129.99,USD,2026-02-17,70.00,,2026-02-19T22:16:15.080Z,2026-02-19T22:37:25.138Z
17dcdde4-3a1e-48c1-86c1-1939c44fa599,B0BYD34DYV,Pulse Oximeter,SAMPLE,KEPT,2026-02-10,21.98,USD,,,,2026-02-19T22:40:12.043Z,2026-02-19T22:40:12.043Z
62472443-4507-477a-8b0b-8f7012fd992f,B0FRLTB3CN,Pen Flashlight,SAMPLE,KEPT,2026-02-12,29.99,USD,,,,2026-02-19T22:41:38.979Z,2026-02-19T22:41:38.979Z
